weapon,skin
Talon Knife,Damascus Steel
P90,Tiger Pit
MAC-10,Calf Skin
AK-47,Bloodsport
USP-S,Orion
Bayonet,Case Hardened
XM1014,Ancient Lore
Butterfly Knife,Forest DDPAT
Bowie Knife,Scorched
AWP,PAW
SG 553,Triarch
MP9,Stained Glass
M4A1-S,Golden Coil
Sawed-Off,Serenity
P2000,Pathfinder
MP9,Capillary
Butterfly Knife,Crimson Web
R8 Revolver,Fade
Tec-9,Tornado
PP-Bizon,Photic Zone
Desert Eagle,Mecha Industries
FAMAS,Cyanospatter
UMP-45,Bone Pile
FAMAS,Djinn
Survival Knife,Urban Masked
AUG,Colony
AUG,Syd Mead
AUG,Death by Puppy
AUG,Stymphalian
Bayonet,Crimson Web
Sawed-Off,Rust Coat
UMP-45,Urban DDPAT
Glock-18,Sacrifice
Falchion Knife,Boreal Forest
G3SG1,Desert Storm
M249,Nebula Crusader
Five-SeveN,Forest Night
Desert Eagle,Cobalt Disruption
Tec-9,Re-Entry
CZ75-Auto,Army Sheen
UMP-45,Scaffold
G3SG1,Orange Crash
M9 Bayonet,Tiger Tooth
Desert Eagle,Oxide Blaze
Nomad Knife,(Vanilla)
P90,Asiimov
P250,Dark Filigree
SCAR-20,Storm
MAC-10,Last Dive
P90,Storm
P250,Nuclear Threat
AK-47,Phantom Disruptor
R8 Revolver,Skull Crusher
Galil AR,Signal
SSG 08,Dark Water
P2000,Obsidian
MP9,Sand Scale
Butterfly Knife,Case Hardened
Galil AR,Firefight
Sawed-Off,The Kraken
Galil AR,Tuxedo
Bowie Knife,Fade
SG 553,Phantom
Dual Berettas,Royal Consorts
Gut Knife,Black Laminate
G3SG1,Murky
M4A4,Tooth Fairy
SSG 08,Slashed
Falchion Knife,Marble Fade
Glock-18,Brass
AK-47,Aquamarine Revenge
Tec-9,Isaac
MAC-10,Palm
R8 Revolver,Reboot
Bayonet,Scorched
M9 Bayonet,Safari Mesh
Galil AR,Tornado
SCAR-20,Blueprint
M9 Bayonet,Doppler
AWP,Fade
AWP,Atheris
P90,Ancient Earth
SSG 08,Mayan Dreams
CZ75-Auto,Twist
M4A1-S,Cyrex
Bayonet,Rust Coat
MAG-7,Heaven Guard
Skeleton Knife,Safari Mesh
Glock-18,Fade
Glock-18,Steel Disruption
Nova,Tempest
MP7,Vault Heist
AWP,Asiimov
Falchion Knife,Ultraviolet
MP7,Forest DDPAT
Tec-9,Fuel Injector
Navaja Knife,Rust Coat
SG 553,Wave Spray
M4A4,Mainframe
Ursus Knife,Damascus Steel
PP-Bizon,Night Ops
MAC-10,Ultraviolet
P90,Shapewood
FAMAS,Spitfire
MAG-7,Irradiated Alert
Karambit,Urban Masked
M249,Magma
P90,Off World
Shadow Daggers,Case Hardened
Karambit,Freehand
CZ75-Auto,Crimson Web
Karambit,Rust Coat
P2000,Panther Camo
Negev,Power Loader
Nova,Gila
Flip Knife,Ultraviolet
Stiletto Knife,Marble Fade
Gut Knife,Boreal Forest
AUG,Midnight Lily
Galil AR,Sandstorm
UMP-45,Riot
SG 553,Damascus Steel
P90,Desert Warfare
Nomad Knife,Night Stripe
Glock-18,Candy Apple
Tec-9,Brother
Nova,Sand Dune
Glock-18,High Beam
Galil AR,Rocket Pop
Karambit,Case Hardened
Falchion Knife,Urban Masked
Bayonet,Urban Masked
Shadow Daggers,Rust Coat
AK-47,Redline
Falchion Knife,Fade
Bowie Knife,Stained
P250,Contaminant
Flip Knife,Case Hardened
Skeleton Knife,Case Hardened
M4A4,Daybreak
Butterfly Knife,Urban Masked
Gut Knife,Crimson Web
USP-S,Torque
Sawed-Off,Morris
M4A4,Bullet Rain
Gut Knife,Damascus Steel
Karambit,Crimson Web
MAC-10,Candy Apple
Desert Eagle,Directive
Dual Berettas,Dezastre
XM1014,Scumbria
CZ75-Auto,Green Plaid
P250,Metallic DDPAT
Flip Knife,Lore
Ursus Knife,Stained
CZ75-Auto,Emerald Quartz
P90,Scorched
Glock-18,Warhawk
M249,System Lock
MAG-7,SWAG-7
UMP-45,Facility Dark
Ursus Knife,Scorched
M4A1-S,Flashback
R8 Revolver,Crimson Web
Ursus Knife,Crimson Web
M4A4,Faded Zebra
M9 Bayonet,Case Hardened
SSG 08,Mainframe 001
AWP,Electric Hive
Karambit,Ultraviolet
Tec-9,Hades
M4A4,The Emperor
P90,Facility Negative
MP9,Slide
Desert Eagle,Hypnotic
Karambit,Bright Water
AK-47,Wild Lotus
MP9,Hot Rod
Flip Knife,Freehand
R8 Revolver,Bone Mask
UMP-45,Moonrise
Tec-9,Snek-9
Gut Knife,Freehand
Desert Eagle,Kumicho Dragon
AK-47,Safari Mesh
MP9,Modest Threat
Huntsman Knife,Fade
USP-S,Cortex
Galil AR,Hunting Blind
MP7,Gunsmoke
Bayonet,Doppler Ruby
UMP-45,Plastique
Five-SeveN,Monkey Business
M4A4,The Battlestar
Nova,Wood Fired
Flip Knife,Crimson Web
CZ75-Auto,The Fuschia Is Now
Skeleton Knife,Forest DDPAT
Nomad Knife,Safari Mesh
SG 553,Gator Mesh
Nova,Ranger
AWP,Worm God
PP-Bizon,Runic
MAC-10,Heat
Negev,Phoenix Stencil
Negev,Loudmouth
XM1014,Entombed
Huntsman Knife,Ultraviolet
Desert Eagle,Pilot
Paracord Knife,Night Stripe
MAC-10,Disco Tech
Five-SeveN,Triumvirate
Galil AR,Cold Fusion
P2000,Woodsman
CZ75-Auto,Imprint
Shadow Daggers,Crimson Web
Falchion Knife,Case Hardened
Bayonet,Damascus Steel
CZ75-Auto,Chalice
M4A1-S,Leaded Glass
MAC-10,Carnivore
FAMAS,Valence
CZ75-Auto,Hexane
Skeleton Knife,Urban Masked
P250,Undertow
M249,Jungle
Desert Eagle,Midnight Storm
PP-Bizon,Water Sigil
MAC-10,Gold Brick
Talon Knife,Safari Mesh
UMP-45,Houndstooth
FAMAS,Commemoration
Falchion Knife,Safari Mesh
Bowie Knife,Safari Mesh
Butterfly Knife,Rust Coat
Huntsman Knife,Crimson Web
P2000,Acid Etched
AWP,Graphite
Bowie Knife,Rust Coat
M9 Bayonet,Autotronic
USP-S,Ancient Visions
M4A4,Global Offensive
Tec-9,Nuclear Threat
SSG 08,Fever Dream
MAG-7,Metallic DDPAT
AWP,Safari Mesh
Navaja Knife,Boreal Forest
SG 553,Aerial
Stiletto Knife,Doppler
Shadow Daggers,Boreal Forest
AUG,Bengal Tiger
Desert Eagle,Light Rail
P250,Forest Night
Five-SeveN,Candy Apple
M249,Deep Relief
MAG-7,Sonar
MP5-SD,Kitbash
Tec-9,Remote Control
PP-Bizon,Antique
Negev,Mjölnir
Galil AR,Phoenix Blacklight
Five-SeveN,Angry Mob
AUG,Sweeper
Flip Knife,Scorched
Gut Knife,Blue Steel
Falchion Knife,Doppler
Paracord Knife,Urban Masked
Sawed-Off,Forest DDPAT
UMP-45,Gold Bismuth
Tec-9,Titanium Bit
M4A4,Asiimov
Talon Knife,Crimson Web
Butterfly Knife,Tiger Tooth
Desert Eagle,Urban Rubble
Flip Knife,Autotronic
Butterfly Knife,(Vanilla)
AK-47,Emerald Pinstripe
Stiletto Knife,Damascus Steel
Falchion Knife,Damascus Steel
Paracord Knife,(Vanilla)
Karambit,Damascus Steel
Huntsman Knife,(Vanilla)
Navaja Knife,Marble Fade
Sawed-Off,Orange DDPAT
Five-SeveN,Orange Peel
PP-Bizon,Harvester
Stiletto Knife,Stained
Desert Eagle,Sunset Storm 弐
M9 Bayonet,Boreal Forest
G3SG1,Flux
Shadow Daggers,Blue Steel
Galil AR,Winter Forest
MAG-7,Rust Coat
P90,Leather
Nova,Forest Leaves
Flip Knife,Marble Fade
P250,Cartel
Nova,Exo
Butterfly Knife,Safari Mesh
MAG-7,Cinquedea
Galil AR,Crimson Tsunami
MAG-7,Silver
MP7,Skulls
SG 553,Fallout Warning
M4A1-S,Printstream
M4A1-S,Blue Phosphor
Butterfly Knife,Boreal Forest
P90,Traction
AUG,Random Access
P250,Splash
Nomad Knife,Blue Steel
MAC-10,Curse
MAC-10,Copper Borre
Desert Eagle,Emerald Jörmungandr
Skeleton Knife,Boreal Forest
Flip Knife,Safari Mesh
MP5-SD,Lab Rats
Five-SeveN,Case Hardened
Talon Knife,Rust Coat
XM1014,Oxide Blaze
MP9,Airlock
Five-SeveN,Fairy Tale
Paracord Knife,Stained
Stiletto Knife,Tiger Tooth
Gut Knife,Scorched
Survival Knife,(Vanilla)
Navaja Knife,Tiger Tooth
Ursus Knife,Fade
Paracord Knife,Scorched
SG 553,Waves Perforated
Tec-9,Phoenix Chalk
Flip Knife,Gamma Doppler
SG 553,Darkwing
AUG,Hot Rod
MP9,Green Plaid
Karambit,Boreal Forest
Karambit,Black Laminate
AUG,Daedalus
Talon Knife,Scorched
Falchion Knife,Scorched
Gut Knife,Lore
MAC-10,Graven
AK-47,Point Disarray
Survival Knife,Safari Mesh
Shadow Daggers,Slaughter
FAMAS,Crypsis
Huntsman Knife,Urban Masked
M9 Bayonet,Lore
Ursus Knife,Ultraviolet
Paracord Knife,Blue Steel
MAC-10,Lapis Gator
MP9,Setting Sun
P250,Facets
SSG 08,Blue Spruce
R8 Revolver,Llama Cannon
M4A4,Griffin
FAMAS,Eye of Athena
Tec-9,Army Mesh
Flip Knife,(Vanilla)
XM1014,Frost Borre
AWP,Mortis
M9 Bayonet,Gamma Doppler
Stiletto Knife,Blue Steel
Huntsman Knife,Case Hardened
Dual Berettas,Duelist
Gut Knife,Fade
Bayonet,Forest DDPAT
P2000,Turf
XM1014,Quicksilver
Gut Knife,Doppler Sapphire
Sawed-Off,Irradiated Alert
Huntsman Knife,Scorched
M4A1-S,Player Two
Desert Eagle,Crimson Web
MP5-SD,Dirt Drop
FAMAS,Sundown
MAG-7,Firestarter
XM1014,CaliCamo
Paracord Knife,Slaughter
Glock-18,Weasel
Negev,Lionfish
CZ75-Auto,Tread Plate
SSG 08,Necropos
Karambit,(Vanilla)
Skeleton Knife,Scorched
MP7,Asterion
M249,Shipping Forecast
P250,Muertos
Flip Knife,Doppler Sapphire
M4A1-S,Boreal Forest
MAG-7,Cobalt Core
AUG,Copperhead
MAC-10,Whitefish
AK-47,Asiimov
P2000,Red FragCam
AK-47,Elite Build
UMP-45,Mudder
MP9,Hydra
Gut Knife,Case Hardened
XM1014,Heaven Guard
MP7,Orange Peel
Five-SeveN,Scumbria
P90,Blind Spot
P250,Boreal Forest
Nova,Wild Six
Tec-9,Blast From the Past
Desert Eagle,Conspiracy
SSG 08,Orange Filigree
Butterfly Knife,Scorched
MP9,Deadly Poison
UMP-45,Metal Flowers
P250,Iron Clad
Bowie Knife,Case Hardened
Bowie Knife,Blue Steel
Glock-18,Wasteland Rebel
Dual Berettas,Colony
MP9,Sand Dashed
SCAR-20,Jungle Slipstream
Glock-18,Franklin
SG 553,Barricade
Desert Eagle,Bronze Deco
Talon Knife,Urban Masked
SG 553,Ol' Rusty
SG 553,Army Sheen
USP-S,Check Engine
Nova,Mandrel
M4A1-S,Basilisk
PP-Bizon,Fuel Rod
Karambit,Scorched
USP-S,Royal Blue
Galil AR,Sage Spray
Sawed-Off,Black Sand
AWP,Hyper Beast
Nova,Rising Skull
P250,Contamination
Classic Knife,(Vanilla)
MP9,Dry Season
Dual Berettas,Cobalt Quartz
M9 Bayonet,Gamma Doppler Emerald
SSG 08,Bloodshot
Nova,Green Apple
FAMAS,Neural Net
Skeleton Knife,Fade
Dual Berettas,Demolition
Butterfly Knife,Slaughter
Classic Knife,Case Hardened
Tec-9,Cracked Opal
Navaja Knife,Forest DDPAT
XM1014,Teclu Burner
Ursus Knife,Slaughter
MP7,Ocean Foam
SSG 08,Blood in the Water
Stiletto Knife,Case Hardened
M4A4,Royal Paladin
AK-47,Safety Net
UMP-45,Corporal
SG 553,Cyrex
Navaja Knife,Night Stripe
P90,Elite Build
P90,Glacier Mesh
MAG-7,Heat
Ursus Knife,Forest DDPAT
P250,Supernova
Classic Knife,Safari Mesh
Bowie Knife,Boreal Forest
Karambit,Safari Mesh
Desert Eagle,Urban DDPAT
MAC-10,Amber Fade
Glock-18,Blue Fissure
Navaja Knife,Crimson Web
Stiletto Knife,Ultraviolet
Talon Knife,Night Stripe
SCAR-20,Army Sheen
FAMAS,Mecha Industries
M9 Bayonet,Scorched
P2000,Fire Elemental
Nova,Caged Steel
FAMAS,Colony
M4A1-S,Knight
AWP,Man-o'-war
CZ75-Auto,Jungle Dashed
SSG 08,Parallax
Sawed-Off,Sage Spray
PP-Bizon,Brass
UMP-45,Exposure
AUG,Ricochet
SCAR-20,Green Marine
M249,Emerald Poison Dart
Bayonet,Tiger Tooth
SCAR-20,Contractor
Shadow Daggers,Tiger Tooth
CZ75-Auto,Eco
P90,Grim
R8 Revolver,Memento
P2000,Pulse
Tec-9,Ossified
MP9,Dart
M9 Bayonet,Slaughter
MP5-SD,Phosphor
Flip Knife,Fade
FAMAS,Afterimage
Bowie Knife,Damascus Steel
Talon Knife,Forest DDPAT
MAC-10,Nuclear Garden
AK-47,Blue Laminate
MAG-7,Carbon Fiber
P250,X-Ray
SG 553,Bulldozer
USP-S,Cyrex
MAG-7,Memento
MP9,Goo
CZ75-Auto,Xiangliu
M9 Bayonet,Doppler Ruby
MAC-10,Surfwood
FAMAS,Hexane
UMP-45,Gunsmoke
Glock-18,Off World
P90,Ash Wood
USP-S,Overgrowth
Bayonet,Autotronic
SG 553,Colony IV
Survival Knife,Night Stripe
Ursus Knife,Blue Steel
SG 553,Tornado
Tec-9,Groundwater
M9 Bayonet,Freehand
M4A1-S,Control Panel
Nova,Rust Coat
Navaja Knife,Case Hardened
M4A4,龍王 (Dragon King)
M4A4,Urban DDPAT
Desert Eagle,Naga
SCAR-20,Emerald
Talon Knife,Doppler
Gut Knife,Safari Mesh
Bayonet,Marble Fade
AK-47,Black Laminate
AK-47,Vulcan
Navaja Knife,(Vanilla)
Nomad Knife,Urban Masked
P250,Crimson Kimono
M9 Bayonet,Damascus Steel
MAC-10,Allure
AUG,Triqua
Talon Knife,Case Hardened
Paracord Knife,Crimson Web
Glock-18,Dragon Tattoo
Five-SeveN,Violent Daimyo
XM1014,Incinegator
P90,Cold Blooded
Bayonet,Stained
FAMAS,Prime Conspiracy
AUG,Akihabara Accept
Nomad Knife,Case Hardened
Karambit,Lore
Nomad Knife,Slaughter
P90,Run and Hide
Desert Eagle,Night
P250,Ripple
Five-SeveN,Hyper Beast
Glock-18,Night
M249,Jungle DDPAT
Five-SeveN,Silver Quartz
AUG,Tom Cat
USP-S,Pathfinder
MAC-10,Malachite
Survival Knife,Crimson Web
Galil AR,VariCamo
MAG-7,Petroglyph
MAC-10,Oceanic
MAG-7,Monster Call
Glock-18,Neo-Noir
CZ75-Auto,Red Astor
M9 Bayonet,Urban Masked
Galil AR,Connexion
Tec-9,Flash Out
M4A4,Zirka
M9 Bayonet,Blue Steel
P90,Shallow Grave
Gut Knife,Marble Fade
M9 Bayonet,Rust Coat
PP-Bizon,Cobalt Halftone
G3SG1,Orange Kimono
UMP-45,Crime Scene
Galil AR,Dusk Ruins
PP-Bizon,Candy Apple
Huntsman Knife,Doppler
Five-SeveN,Fowl Play
Bayonet,Night
Karambit,Night
Tec-9,Urban DDPAT
SG 553,Ultraviolet
MP7,Mischief
XM1014,Urban Perforated
Tec-9,Toxic
Glock-18,Oxide Blaze
AWP,Pit Viper
Desert Eagle,The Bronze
Paracord Knife,Boreal Forest
Navaja Knife,Urban Masked
SSG 08,Abyss
Bayonet,Doppler Sapphire
AWP,Elite Build
Gut Knife,Slaughter
SSG 08,Death's Head
P250,Wingshot
Bayonet,Gamma Doppler Emerald
Navaja Knife,Ultraviolet
MP7,Impire
Negev,Dazzle
Dual Berettas,Pyre
MP7,Full Stop
Dual Berettas,Hemoglobin
G3SG1,Green Apple
Paracord Knife,Case Hardened
Huntsman Knife,Blue Steel
SSG 08,Lichen Dashed
P2000,Imperial
Glock-18,Wraiths
Nova,Moon in Libra
G3SG1,Safari Mesh
USP-S,Business Class
AWP,Phobos
Classic Knife,Urban Masked
AUG,Chameleon
UMP-45,Carbon Fiber
AK-47,Uncharted
Desert Eagle,Meteorite
P250,Cassette
MP7,Whiteout
Falchion Knife,Night
Gut Knife,Night
FAMAS,Doomkitty
R8 Revolver,Night
AWP,Redline
Sawed-Off,Zander
Shadow Daggers,Urban Masked
USP-S,Flashback
XM1014,Blue Steel
Bayonet,Fade
Bowie Knife,Doppler
PP-Bizon,Sand Dashed
Huntsman Knife,Boreal Forest
AK-47,Panthera onca
M4A1-S,Hot Rod
Stiletto Knife,Fade
Five-SeveN,Kami
P250,Whiteout
SCAR-20,Grotto
P2000,Granite Marbleized
Negev,Ultralight
Shadow Daggers,Stained
UMP-45,Minotaur's Labyrinth
Huntsman Knife,Stained
Sawed-Off,Limelight
FAMAS,Macabre
Classic Knife,Night Stripe
MAG-7,Hazard
MAG-7,Popdog
PP-Bizon,Bamboo Print
Tec-9,Bamboo Forest
Karambit,Blue Steel
Flip Knife,Doppler
P2000,Imperial Dragon
Gut Knife,Autotronic
Glock-18,Bunsen Burner
Sawed-Off,Highwayman
CZ75-Auto,Tuxedo
CZ75-Auto,Yellow Jacket
XM1014,Tranquility
Ursus Knife,Case Hardened
Nova,Antique
P250,Asiimov
M249,Aztec
MAG-7,Hard Water
Karambit,Fade
Skeleton Knife,Blue Steel
XM1014,Fallout Warning
Nomad Knife,Forest DDPAT
SCAR-20,Torn
AWP,BOOM
XM1014,Red Leather
G3SG1,Scavenger
Dual Berettas,Shred
Shadow Daggers,Night
Dual Berettas,Urban Shock
Negev,Boroque Sand
Ursus Knife,Doppler
CZ75-Auto,Silver
MP5-SD,Co-Processor
SCAR-20,Splash Jam
AWP,Oni Taiji
M4A4,Buzz Kill
Shadow Daggers,Safari Mesh
Survival Knife,Scorched
AK-47,Fire Serpent
Flip Knife,Doppler Ruby
M4A4,X-Ray
UMP-45,Caramel
M249,Warbird
M9 Bayonet,Fade
P90,Virus
Gut Knife,Ultraviolet
FAMAS,Pulse
Sawed-Off,Copper
Bayonet,Black Laminate
Talon Knife,(Vanilla)
Five-SeveN,Nightshade
AK-47,Legion of Anubis
Bowie Knife,Night
Tec-9,Brass
AK-47,Jungle Spray
Dual Berettas,Emerald
Bayonet,Ultraviolet
AWP,Pink DDPAT
MAC-10,Indigo
Five-SeveN,Flame Test
FAMAS,Styx
SCAR-20,Cardiac
AUG,Storm
SSG 08,Ghost Crusader
Bowie Knife,Crimson Web
PP-Bizon,Blue Streak
MAC-10,Red Filigree
Karambit,Doppler Ruby
Galil AR,Blue Titanium
M4A4,Modern Hunter
MP7,Akoben
AUG,Radiation Hazard
UMP-45,Indigo
AUG,Flame Jörmungandr
Tec-9,VariCamo
Huntsman Knife,Slaughter
Nomad Knife,Boreal Forest
Gut Knife,Gamma Doppler Emerald
AUG,Torque
Karambit,Forest DDPAT
M4A1-S,Chantico's Fire
Desert Eagle,Sunset Storm 壱
P2000,Ocean Foam
Sawed-Off,Devourer
Bayonet,Freehand
Nomad Knife,Crimson Web
Negev,Nuclear Waste
G3SG1,Ventilator
M9 Bayonet,Crimson Web
Nova,Bloomstick
UMP-45,Primal Saber
UMP-45,Scorched
MP9,Hypnotic
MAG-7,Counter Terrace
AWP,Sun in Leo
USP-S,Blueprint
MP7,Neon Ply
M9 Bayonet,Doppler Sapphire
MP5-SD,Desert Strike
Nova,Army Sheen
Bowie Knife,Slaughter
Gut Knife,Bright Water
G3SG1,Violet Murano
M4A1-S,Blood Tiger
Five-SeveN,Neon Kimono
Tec-9,Red Quartz
Falchion Knife,(Vanilla)
Flip Knife,Slaughter
P250,Steel Disruption
Gut Knife,Forest DDPAT
M4A1-S,Hyper Beast
Dual Berettas,Ventilators
USP-S,Kill Confirmed
Desert Eagle,Printstream
M249,Spectre
FAMAS,Decommissioned
P250,Mint Kimono
AUG,Surveillance
Sawed-Off,Brake Light
Dual Berettas,Black Limba
P250,Hive
Nova,Hyper Beast
USP-S,Night Ops
PP-Bizon,Jungle Slipstream
Glock-18,Ironwork
AUG,Wings
SG 553,Hypnotic
Tec-9,Orange Murano
Butterfly Knife,Fade
MP7,Anodized Navy
SCAR-20,Outbreak
G3SG1,The Executioner
Negev,Bratatat
M4A1-S,Bright Water
Glock-18,Reactor
Galil AR,Aqua Terrace
MAG-7,Sand Dune
Shadow Daggers,Doppler
SSG 08,Hand Brake
Five-SeveN,Crimson Blossom
Galil AR,Stone Cold
CZ75-Auto,Polymer
MAC-10,Neon Rider
AK-47,Red Laminate
FAMAS,Night Borre
M9 Bayonet,Bright Water
Sawed-Off,Amber Fade
SCAR-20,Palm
Bayonet,Gamma Doppler
Dual Berettas,Twin Turbo
Paracord Knife,Safari Mesh
Skeleton Knife,Stained
Talon Knife,Tiger Tooth
AK-47,Baroque Purple
Dual Berettas,Dualing Dragons
Sawed-Off,Apocalypto
Talon Knife,Slaughter
MP5-SD,Condition Zero
M4A4,Hellfire
Falchion Knife,Forest DDPAT
P250,See Ya Later
CZ75-Auto,Indigo
Tec-9,Rust Leaf
Classic Knife,Scorched
SSG 08,Dragonfire
PP-Bizon,Forest Leaves
R8 Revolver,Survivalist
MAC-10,Hot Snakes
Navaja Knife,Scorched
AK-47,Neon Rider
Ursus Knife,Boreal Forest
MAG-7,Seabird
SCAR-20,Cyrex
AWP,Wildfire
XM1014,VariCamo Blue
Stiletto Knife,Forest DDPAT
Sawed-Off,Fubar
P90,Emerald Dragon
AUG,Navy Murano
MP5-SD,Gauss
AK-47,Cartel
Karambit,Slaughter
Falchion Knife,Slaughter
G3SG1,Stinger
Gut Knife,Doppler
P90,Teardown
Desert Eagle,Blaze
AWP,Fever Dream
AUG,Contractor
FAMAS,Roll Cage
R8 Revolver,Bone Forged
CZ75-Auto,Vendetta
MP7,Fade
AWP,Corticera
Gut Knife,Doppler Ruby
AWP,Medusa
FAMAS,Contrast Spray
SCAR-20,Magna Carta
Tec-9,Sandstorm
AUG,Fleet Flock
SG 553,Tiger Moth
Tec-9,Decimator
Talon Knife,Blue Steel
Tec-9,Ice Cap
Desert Eagle,Corinthian
MP7,Olive Plaid
Flip Knife,Damascus Steel
Shadow Daggers,Fade
P90,Baroque Red
M4A1-S,Moss Quartz
Huntsman Knife,Night
Survival Knife,Case Hardened
MAG-7,Justice
MAC-10,Fade
SG 553,Lush Ruins
Falchion Knife,Crimson Web
Galil AR,Sugar Rush
Five-SeveN,Retrobution
Butterfly Knife,Marble Fade
MAG-7,Bulldozer
Stiletto Knife,Boreal Forest
Talon Knife,Fade
G3SG1,VariCamo
Glock-18,Sand Dune
Glock-18,Catacombs
CZ75-Auto,Emerald
AK-47,Frontside Misty
Five-SeveN,Coolant
P90,Death Grip
Nova,Plume
CZ75-Auto,Tacticat
Flip Knife,Rust Coat
SG 553,Anodized Navy
MAG-7,Storm
Nova,Toy Soldier
AUG,Arctic Wolf
Glock-18,Moonrise
Classic Knife,Crimson Web
M4A4,Jungle Tiger
Huntsman Knife,Tiger Tooth
XM1014,Black Tie
SSG 08,Sand Dune
SSG 08,Big Iron
G3SG1,Ancient Ritual
XM1014,Jungle
Bayonet,Lore
Glock-18,Royal Legion
CZ75-Auto,Victoria
Stiletto Knife,Urban Masked
Five-SeveN,Nitro
SCAR-20,Brass
Galil AR,Akoben
Dual Berettas,Stained
G3SG1,Black Sand
M4A1-S,VariCamo
USP-S,Dark Water
M9 Bayonet,Stained
P2000,Grassland
Paracord Knife,Fade
Nova,Koi
FAMAS,Sergeant
G3SG1,High Seas
Dual Berettas,Cartel
CZ75-Auto,Poison Dart
Dual Berettas,Panther
MAG-7,Core Breach
MP9,Rose Iron
Sawed-Off,Clay Ambush
Flip Knife,Bright Water
Survival Knife,Forest DDPAT
M4A4,Poseidon
P90,Cocoa Rampage
Classic Knife,Forest DDPAT
M249,Gator Mesh
Navaja Knife,Blue Steel
P90,Trigon
M4A1-S,Welcome to the Jungle
Bayonet,Doppler
Nomad Knife,Scorched
P250,Facility Draft
MP7,Powercore
Shadow Daggers,Ultraviolet
Survival Knife,Slaughter
Shadow Daggers,Scorched
P90,Astral Jörmungandr
MP7,Bloodsport
SCAR-20,Sand Mesh
SCAR-20,Enforcer
AK-47,Case Hardened
USP-S,Monster Mashup
P250,Verdigris
UMP-45,Briefing
Butterfly Knife,Damascus Steel
Dual Berettas,Anodized Navy
Flip Knife,Blue Steel
Glock-18,Vogue
AK-47,Jaguar
P2000,Oceanic
PP-Bizon,Seabird
Flip Knife,Night
M4A4,Dark Blossom
MAC-10,Pipe Down
SG 553,Aloha
Nova,Baroque Orange
UMP-45,Day Lily
Classic Knife,Fade
Negev,Army Sheen
Five-SeveN,Anodized Gunmetal
Karambit,Gamma Doppler Emerald
P90,Fallout Warning
MAC-10,Rangeen
Butterfly Knife,Doppler
Bowie Knife,Urban Masked
Butterfly Knife,Blue Steel
Survival Knife,Boreal Forest
AWP,Capillary
MP7,Army Recon
Flip Knife,Black Laminate
Sawed-Off,Full Stop
AWP,Containment Breach
MP5-SD,Nitro
M4A4,Cyber Security
R8 Revolver,Phoenix Marker
XM1014,Slipstream
USP-S,Para Green
M4A4,Evil Daimyo
Navaja Knife,Stained
AUG,Carved Jade
Shadow Daggers,Damascus Steel
Negev,CaliCamo
USP-S,Neo-Noir
M4A4,Howl
Five-SeveN,Hot Shot
Desert Eagle,Night Heist
P2000,Chainmail
P90,Freight
P2000,Amber Fade
M249,Contrast Spray
Tec-9,Bamboozle
P90,Death by Kitty
AWP,Acheron
Desert Eagle,Golden Koi
P250,Valence
UMP-45,Arctic Wolf
SCAR-20,Stone Mosaico
P2000,Urban Hazard
XM1014,Grassland
MP9,Orange Peel
PP-Bizon,Irradiated Alert
MP7,Urban Hazard
Negev,Desert-Strike
XM1014,Ziggy
Desert Eagle,Blue Ply
AUG,Condemned
R8 Revolver,Amber Fade
Huntsman Knife,Damascus Steel
P250,Franklin
P250,Bengal Tiger
MP7,Tall Grass
Bowie Knife,Tiger Tooth
Stiletto Knife,Safari Mesh
M9 Bayonet,Night
UMP-45,Momentum
Talon Knife,Marble Fade
Huntsman Knife,Forest DDPAT
AWP,Exoskeleton
G3SG1,Chronos
MP5-SD,Agent
AK-47,Jet Set
M4A4,Desert-Strike
PP-Bizon,Osiris
Dual Berettas,Balance
SSG 08,Tropical Storm
Bowie Knife,Forest DDPAT
Bowie Knife,Marble Fade
P90,Module
SSG 08,Detour
Gut Knife,Urban Masked
FAMAS,Teardown
Sawed-Off,Jungle Thicket
G3SG1,Polar Camo
Huntsman Knife,Safari Mesh
Five-SeveN,Jungle
MAC-10,Stalker
SCAR-20,Bloodsport
Bayonet,Boreal Forest
Dual Berettas,Retribution
Glock-18,Twilight Galaxy
MP9,Storm
Sawed-Off,Yorick
SG 553,Integrale
SCAR-20,Crimson Web
P2000,Dispatch
AK-47,Hydroponic
M4A1-S,Briefing
Flip Knife,Stained
AUG,Aristocrat
USP-S,Target Acquired
Galil AR,Urban Rubble
Stiletto Knife,Crimson Web
PP-Bizon,Carbon Fiber
Paracord Knife,Forest DDPAT
Tec-9,Fubar
SCAR-20,Powercore
MP7,Scorched
XM1014,Red Python
Karambit,Tiger Tooth
USP-S,Stainless
UMP-45,Fallout Warning
M4A1-S,Nightmare
USP-S,Blood Tiger
R8 Revolver,Nitro
UMP-45,Delusion
M4A4,Desolate Space
MP7,Nemesis
M9 Bayonet,Forest DDPAT
SSG 08,Jungle Dashed
Classic Knife,Slaughter
MAC-10,Tornado
M249,Impact Drill
Flip Knife,Gamma Doppler Emerald
CZ75-Auto,Pole Position
SG 553,Traveler
SG 553,Danger Close
Sawed-Off,Bamboo Shadow
Skeleton Knife,(Vanilla)
USP-S,Guardian
Ursus Knife,Safari Mesh
Ursus Knife,Urban Masked
P90,Chopper
Karambit,Marble Fade
Negev,Bulkhead
P2000,Ivory
MAC-10,Classic Crate
M4A1-S,Guardian
P2000,Gnarled
Huntsman Knife,Rust Coat
CZ75-Auto,Distressed
M4A1-S,Decimator
P2000,Handgun
M4A1-S,Icarus Fell
G3SG1,Digital Mesh
Classic Knife,Stained
SCAR-20,Assault
M4A4,Radiation Hazard
Stiletto Knife,Night Stripe
Sawed-Off,Origami
Shadow Daggers,Marble Fade
M4A1-S,Mecha Industries
Butterfly Knife,Stained
Desert Eagle,Mudder
PP-Bizon,Death Rattle
M9 Bayonet,Ultraviolet
Tec-9,Jambiya
Skeleton Knife,Night Stripe
Galil AR,Orange DDPAT
USP-S,Caiman
Galil AR,Shattered
M4A4,Neo-Noir
Five-SeveN,Buddy
XM1014,Blue Spruce
Falchion Knife,Blue Steel
Galil AR,Chatterbox
Bayonet,Slaughter
Karambit,Stained
AK-47,Rat Rod
Negev,Man-o'-war
Gut Knife,Rust Coat
M9 Bayonet,Black Laminate
P250,Inferno
G3SG1,Hunter
MAG-7,Praetorian
P250,Nevermore
Shadow Daggers,Forest DDPAT
Tec-9,Avalanche
M4A4,Desert Storm
M4A1-S,Atomic Alloy
P2000,Corticera
Negev,Prototype
USP-S,Lead Conduit
FAMAS,Dark Water
Navaja Knife,Damascus Steel
AK-47,The Empress
P250,Red Rock
Navaja Knife,Doppler
MP9,Ruby Poison Dart
Ursus Knife,(Vanilla)
Glock-18,Groundwater
MAC-10,Urban DDPAT
Butterfly Knife,Night
MP7,Teal Blossom
XM1014,Charter
Nova,Candy Apple
Galil AR,Kami
PP-Bizon,Judgement of Anubis
MP9,Bioleak
AWP,Neo-Noir
UMP-45,Labyrinth
AK-47,X-Ray
M249,Predator
MAC-10,Silver
Negev,Anodized Navy
G3SG1,Azure Zebra
Desert Eagle,Code Red
SSG 08,Threat Detected
Karambit,Autotronic
AK-47,Wasteland Rebel
Five-SeveN,Urban Hazard
Galil AR,Cerberus
Gut Knife,Tiger Tooth
AUG,Momentum
Five-SeveN,Contractor
Dual Berettas,Heist
Tec-9,Terrace
AWP,Snake Camo
USP-S,Serum
Classic Knife,Boreal Forest
AUG,Amber Slipstream
Huntsman Knife,Marble Fade
Galil AR,Vandal
AK-47,First Class
Tec-9,Blue Titanium
Dual Berettas,Switch Board
Nova,Ghost Camo
AK-47,Predator
Stiletto Knife,Rust Coat
AWP,Silk Tiger
Glock-18,Nuclear Garden
Dual Berettas,Marina
Survival Knife,Stained
MP9,Bulldozer
SG 553,Pulse
Glock-18,Water Elemental
Ursus Knife,Night Stripe
R8 Revolver,Canal Spray
Glock-18,Synth Leaf
Glock-18,Grinder
Sawed-Off,Wasteland Princess
SSG 08,Sea Calico
MP9,Dark Age
M4A1-S,Dark Water
Karambit,Doppler Sapphire
Karambit,Gamma Doppler
Negev,Terrain
G3SG1,Jungle Dashed
Skeleton Knife,Crimson Web
Glock-18,Bullet Queen
P2000,Grassland Leaves
Five-SeveN,Copper Galaxy
Stiletto Knife,Slaughter
Butterfly Knife,Ultraviolet
AWP,Dragon Lore
Tec-9,Cut Out
Ursus Knife,Tiger Tooth
Karambit,Doppler
Nova,Graphite
Dual Berettas,Briar
P90,Sand Spray
MP7,Motherboard
M4A4,Magnesium
Ursus Knife,Rust Coat
SSG 08,Acid Fade
Survival Knife,Fade
Gut Knife,(Vanilla)
Navaja Knife,Fade
Dual Berettas,Contractor
R8 Revolver,Grip
Dual Berettas,Moon in Libra
Nova,Walnut
SG 553,Candy Apple
P250,Sand Dune
Bayonet,Safari Mesh
Survival Knife,Blue Steel
Five-SeveN,Capillary
Falchion Knife,Stained
P250,Mehndi
Navaja Knife,Safari Mesh
PP-Bizon,Night Riot
M4A4,Converter
CZ75-Auto,Tigris
Gut Knife,Stained
MP7,Special Delivery
Bayonet,(Vanilla)
Navaja Knife,Slaughter
USP-S,Forest Leaves
MP5-SD,Bamboo Garden
Bowie Knife,Ultraviolet
P250,Bone Mask
Galil AR,Eco
Flip Knife,Forest DDPAT
AK-47,Orbit Mk01
SSG 08,Red Stone
MAC-10,Tatter
P2000,Scorpion
MP5-SD,Acid Wash
SG 553,Atlas
Five-SeveN,Berries And Cherries
P90,Nostalgia
Glock-18,Death Rattle
M4A4,Tornado
FAMAS,Survivor Z
MP9,Black Sand
G3SG1,Demeter
AWP,Lightning Strike
AK-47,Neon Revolution
Skeleton Knife,Slaughter
UMP-45,Grand Prix
M9 Bayonet,(Vanilla)
Shadow Daggers,(Vanilla)
Nomad Knife,Fade
AK-47,Fuel Injector
M4A1-S,Master Piece
Ursus Knife,Marble Fade
Classic Knife,Blue Steel
Desert Eagle,Heirloom
PP-Bizon,High Roller
Bowie Knife,(Vanilla)
MP7,Cirrus
Falchion Knife,Tiger Tooth
PP-Bizon,Chemical Green
MP7,Groundwater
M9 Bayonet,Marble Fade
Talon Knife,Ultraviolet
XM1014,Bone Machine
AUG,Anodized Navy
Dual Berettas,Elite 1.6
Bayonet,Bright Water
P2000,Silver
SCAR-20,Carbon Fiber
P250,Gunsmoke
Falchion Knife,Rust Coat
Flip Knife,Tiger Tooth
Flip Knife,Boreal Forest
UMP-45,Blaze
Nomad Knife,Stained
MAC-10,Aloha
P250,Vino Primo
P250,Exchanger
MP9,Army Sheen
Bayonet,Blue Steel
XM1014,Banana Leaf
Talon Knife,Stained
Talon Knife,Boreal Forest
MP7,Armor Core
P90,Sunset Lily
CZ75-Auto,Nitro
MP9,Pandora's Box
XM1014,Seasons
PP-Bizon,Embargo
M4A1-S,Nitro
Gut Knife,Gamma Doppler
USP-S,Road Rash
Stiletto Knife,Scorched
MP9,Wild Lily
Nova,Clear Polymer
Dual Berettas,Cobra Strike
PP-Bizon,Urban Dashed
Stiletto Knife,(Vanilla)
Sawed-Off,Snake Camo
Galil AR,Black Sand
Desert Eagle,Hand Cannon
Nova,Polar Mesh
MAG-7,Chainmail
PP-Bizon,Facility Sketch
Nova,Predator
Flip Knife,Urban Masked
